-- phpMyAdmin SQL Dump
-- version 5.2.1
-- https://www.phpmyadmin.net/
--
-- Host: 127.0.0.1
-- Erstellungszeit: 14. Okt 2024 um 16:15
-- Server-Version: 10.4.28-MariaDB
-- PHP-Version: 8.1.17

SET SQL_MODE = "NO_AUTO_VALUE_ON_ZERO";
SET time_zone = "+00:00";


/*!40101 SET @OLD_CHARACTER_SET_CLIENT=@@CHARACTER_SET_CLIENT */;
/*!40101 SET @OLD_CHARACTER_SET_RESULTS=@@CHARACTER_SET_RESULTS */;
/*!40101 SET @OLD_COLLATION_CONNECTION=@@COLLATION_CONNECTION */;
/*!40101 SET NAMES utf8mb4 */;

--
-- Datenbank: `ghostnetfishing`
--

-- --------------------------------------------------------

--
-- Daten für Tabelle `contact`
--

INSERT INTO `contact` (`id`, `name`, `tel`) VALUES(1, 'Sebastian Koch', '0171-1234561');
INSERT INTO `contact` (`id`, `name`, `tel`) VALUES(2, 'Juliane Koch', '0171-1234562');
INSERT INTO `contact` (`id`, `name`, `tel`) VALUES(3, 'Sarah Fischer', '0171-1234563');
INSERT INTO `contact` (`id`, `name`, `tel`) VALUES(4, 'Sophie Becker', '0171-1234564');
INSERT INTO `contact` (`id`, `name`, `tel`) VALUES(5, 'Laura Wagner', '0171-1234565');
INSERT INTO `contact` (`id`, `name`, `tel`) VALUES(6, 'Daniel Weber', '0171-1234566');
INSERT INTO `contact` (`id`, `name`, `tel`) VALUES(7, 'Lena Hoffmann', '0171-1234567');
INSERT INTO `contact` (`id`, `name`, `tel`) VALUES(8, 'Thomas Becker', '0171-1234568');
INSERT INTO `contact` (`id`, `name`, `tel`) VALUES(9, 'Sophia Schulz', '0171-1234569');
INSERT INTO `contact` (`id`, `name`, `tel`) VALUES(10, 'Jan Lehmann', '0171-1234570');
INSERT INTO `contact` (`id`, `name`, `tel`) VALUES(11, 'Max Müller', '0171-1234571');
INSERT INTO `contact` (`id`, `name`, `tel`) VALUES(12, 'Julia Meier', '0171-1234572');
INSERT INTO `contact` (`id`, `name`, `tel`) VALUES(17, 'Lukas Braun', '0171-1234573');
INSERT INTO `contact` (`id`, `name`, `tel`) VALUES(18, 'Tina Schneider', '0171-1234574');
INSERT INTO `contact` (`id`, `name`, `tel`) VALUES(19, 'Robert Bauer', '0171-1234575');
INSERT INTO `contact` (`id`, `name`, `tel`) VALUES(20, 'Marie Keller', '0171-1234576');
INSERT INTO `contact` (`id`, `name`, `tel`) VALUES(21, 'Felix Richter', '0171-1234577');
INSERT INTO `contact` (`id`, `name`, `tel`) VALUES(22, 'Sophie Vogel', '0171-1234578');
INSERT INTO `contact` (`id`, `name`, `tel`) VALUES(23, 'Jonas Neumann', '0171-1234579');
INSERT INTO `contact` (`id`, `name`, `tel`) VALUES(24, 'Nina Krüger', '0171-1234580');
INSERT INTO `contact` (`id`, `name`, `tel`) VALUES(25, 'Florian Weiß', '0171-1234581');
INSERT INTO `contact` (`id`, `name`, `tel`) VALUES(26, 'Paula Maier', '0171-1234582');
INSERT INTO `contact` (`id`, `name`, `tel`) VALUES(27, 'Stefan Frank', '0171-1234583');
INSERT INTO `contact` (`id`, `name`, `tel`) VALUES(28, 'Hannah König', '0171-1234584');
INSERT INTO `contact` (`id`, `name`, `tel`) VALUES(29, 'Leon Zimmermann', '0171-1234585');
INSERT INTO `contact` (`id`, `name`, `tel`) VALUES(30, 'Clara Busch', '0171-1234586');
INSERT INTO `contact` (`id`, `name`, `tel`) VALUES(31, 'Benjamin Schäfer', '0171-1234587');
INSERT INTO `contact` (`id`, `name`, `tel`) VALUES(32, 'Mia Klein', '0171-1234588');
INSERT INTO `contact` (`id`, `name`, `tel`) VALUES(33, 'Tim Schröder', '0171-1234589');
INSERT INTO `contact` (`id`, `name`, `tel`) VALUES(34, 'Elena Wolf', '0171-1234590');
INSERT INTO `contact` (`id`, `name`, `tel`) VALUES(35, 'David Sommer', '0171-1234591');
INSERT INTO `contact` (`id`, `name`, `tel`) VALUES(36, 'Lena Peters', '0171-1234592');
INSERT INTO `contact` (`id`, `name`, `tel`) VALUES(37, 'Johannes Schwarz', '0171-1234593');
INSERT INTO `contact` (`id`, `name`, `tel`) VALUES(38, 'Klara Lang', '0171-1234594');
INSERT INTO `contact` (`id`, `name`, `tel`) VALUES(39, 'Paul Hofmann', '0171-1234595');
INSERT INTO `contact` (`id`, `name`, `tel`) VALUES(40, 'Paul Wagner', '0171-1234596');
INSERT INTO `contact` (`id`, `name`, `tel`) VALUES(41, 'Emilia Hartmann', '0171-1234597');
INSERT INTO `contact` (`id`, `name`, `tel`) VALUES(42, 'Laura Zimmermann', '0171-1234598');
INSERT INTO `contact` (`id`, `name`, `tel`) VALUES(43, 'Lisa Krause', '0171-1234599');
INSERT INTO `contact` (`id`, `name`, `tel`) VALUES(44, 'Markus Böhm', '0171-1234600');
INSERT INTO `contact` (`id`, `name`, `tel`) VALUES(45, 'Sebastian Dietrich', '0171-1234601');
INSERT INTO `contact` (`id`, `name`, `tel`) VALUES(46, 'Laura Fuchs', '0171-1234602');
INSERT INTO `contact` (`id`, `name`, `tel`) VALUES(47, 'Jan Weber', '0171-1234603');
INSERT INTO `contact` (`id`, `name`, `tel`) VALUES(48, 'Anna Müller', '0171-1234604');
INSERT INTO `contact` (`id`, `name`, `tel`) VALUES(49, 'Nadine Wagner', '0171-1234605');
INSERT INTO `contact` (`id`, `name`, `tel`) VALUES(50, 'Johanna Koch', '0171-1234606');
INSERT INTO `contact` (`id`, `name`, `tel`) VALUES(51, 'Alexander Brandt', '0171-1234607');
INSERT INTO `contact` (`id`, `name`, `tel`) VALUES(52, 'Tina Fischer', '0171-1234608');
INSERT INTO `contact` (`id`, `name`, `tel`) VALUES(53, 'Lukas Schmidt', '0171-1234609');
INSERT INTO `contact` (`id`, `name`, `tel`) VALUES(54, 'Lisa Werner', '0171-1234610');
INSERT INTO `contact` (`id`, `name`, `tel`) VALUES(55, 'Lucas Schäfer', '0171-1234611');
INSERT INTO `contact` (`id`, `name`, `tel`) VALUES(56, 'Daniel König', '0171-1234612');
INSERT INTO `contact` (`id`, `name`, `tel`) VALUES(57, 'Sophie Schneider', '0171-1234613');
INSERT INTO `contact` (`id`, `name`, `tel`) VALUES(58, 'Sara Schneider', '0171-1234614');
INSERT INTO `contact` (`id`, `name`, `tel`) VALUES(59, 'Felix Weber', '0171-1234615');
INSERT INTO `contact` (`id`, `name`, `tel`) VALUES(60, 'Simon Beck', '0171-1234616');
INSERT INTO `contact` (`id`, `name`, `tel`) VALUES(61, 'Mara Lehmann', '0171-1234617');
INSERT INTO `contact` (`id`, `name`, `tel`) VALUES(62, 'Philipp Graf', '0171-1234618');
INSERT INTO `contact` (`id`, `name`, `tel`) VALUES(63, 'Clara Schubert', '0171-1234619');
INSERT INTO `contact` (`id`, `name`, `tel`) VALUES(64, 'Tom Wagner', '0171-1234620');
INSERT INTO `contact` (`id`, `name`, `tel`) VALUES(65, 'Erik Sauer', '0171-1234621');
INSERT INTO `contact` (`id`, `name`, `tel`) VALUES(66, 'Eva Richter', '0171-1234622');
INSERT INTO `contact` (`id`, `name`, `tel`) VALUES(67, 'Marie Fischer', '0171-1234623');
INSERT INTO `contact` (`id`, `name`, `tel`) VALUES(68, 'Nina Bauer', '0171-1234624');
INSERT INTO `contact` (`id`, `name`, `tel`) VALUES(69, 'Jonas Hoffmann', '0171-1234625');
INSERT INTO `contact` (`id`, `name`, `tel`) VALUES(70, 'Lukas Hoffmann', '0171-1234626');
INSERT INTO `contact` (`id`, `name`, `tel`) VALUES(71, 'Lea Braun', '0171-1234627');
INSERT INTO `contact` (`id`, `name`, `tel`) VALUES(72, 'Emma Krause', '0171-1234628');
INSERT INTO `contact` (`id`, `name`, `tel`) VALUES(73, 'Tim Richter', '0171-1234629');
INSERT INTO `contact` (`id`, `name`, `tel`) VALUES(74, 'Hannah Wolf', '0171-1234630');
INSERT INTO `contact` (`id`, `name`, `tel`) VALUES(75, 'Emma Zimmermann', '0171-1234631');
INSERT INTO `contact` (`id`, `name`, `tel`) VALUES(76, 'Lena Schröder', '0171-1234632');
INSERT INTO `contact` (`id`, `name`, `tel`) VALUES(77, 'Maximilian Hartmann', '0171-1234633');
INSERT INTO `contact` (`id`, `name`, `tel`) VALUES(78, 'David Klein', '0171-1234634');
INSERT INTO `contact` (`id`, `name`, `tel`) VALUES(79, 'Laura Koch', '0171-1234635');
INSERT INTO `contact` (`id`, `name`, `tel`) VALUES(80, 'Tom Bauer', '0171-1234636');
INSERT INTO `contact` (`id`, `name`, `tel`) VALUES(81, 'Paul Schuster', '0171-1234637');
INSERT INTO `contact` (`id`, `name`, `tel`) VALUES(82, 'Sophia Müller', '0171-1234638');
INSERT INTO `contact` (`id`, `name`, `tel`) VALUES(83, 'Hannah Keller', '0171-1234639');
INSERT INTO `contact` (`id`, `name`, `tel`) VALUES(96, 'Anna Müller', '+49 171 2345678');
INSERT INTO `contact` (`id`, `name`, `tel`) VALUES(97, 'Peter Schmidt', '+49 171 8765432');
INSERT INTO `contact` (`id`, `name`, `tel`) VALUES(98, 'Lisa Schneider', '+49 171 3456789');
INSERT INTO `contact` (`id`, `name`, `tel`) VALUES(99, 'Tom Wagner', '+49 171 9876543');
INSERT INTO `contact` (`id`, `name`, `tel`) VALUES(100, 'Julia Becker', '+49 171 5678901');
INSERT INTO `contact` (`id`, `name`, `tel`) VALUES(101, 'Daniel Meier', '+49 171 2345678');
INSERT INTO `contact` (`id`, `name`, `tel`) VALUES(102, 'Sophie Fischer', '+49 171 8765432');
INSERT INTO `contact` (`id`, `name`, `tel`) VALUES(103, 'Markus Weber', '+49 171 3456789');
INSERT INTO `contact` (`id`, `name`, `tel`) VALUES(104, 'Laura Hoffmann', '+49 171 9876543');
INSERT INTO `contact` (`id`, `name`, `tel`) VALUES(105, 'Tim Koch', '+49 171 5678901');
INSERT INTO `contact` (`id`, `name`, `tel`) VALUES(106, 'Marie Schmitt', '+49 171 2345678');
INSERT INTO `contact` (`id`, `name`, `tel`) VALUES(107, 'Lukas Braun', '+49 171 8765432');
INSERT INTO `contact` (`id`, `name`, `tel`) VALUES(108, 'Nina Richter', '+49 171 3456789');
INSERT INTO `contact` (`id`, `name`, `tel`) VALUES(109, 'Felix Klein', '+49 171 9876543');
INSERT INTO `contact` (`id`, `name`, `tel`) VALUES(110, 'Anna Schwarz', '+49 171 5678901');
INSERT INTO `contact` (`id`, `name`, `tel`) VALUES(111, 'Maximilian Hartmann', '+49 171 2345678');
INSERT INTO `contact` (`id`, `name`, `tel`) VALUES(112, 'Emilia Schneider', '+49 171 8765432');
INSERT INTO `contact` (`id`, `name`, `tel`) VALUES(113, 'Leon Schmidt', '+49 171 3456789');
INSERT INTO `contact` (`id`, `name`, `tel`) VALUES(114, 'Paul Müller', '+49 171 9876543');
INSERT INTO `contact` (`id`, `name`, `tel`) VALUES(115, 'Sophie Weiss', '+49 171 5678901');
INSERT INTO `contact` (`id`, `name`, `tel`) VALUES(116, 'Jonas Keller', '+49 171 2345678');
INSERT INTO `contact` (`id`, `name`, `tel`) VALUES(117, 'Tina Fischer', '+49 171 8765432');
INSERT INTO `contact` (`id`, `name`, `tel`) VALUES(118, 'Michael Braun', '+49 171 3456789');
INSERT INTO `contact` (`id`, `name`, `tel`) VALUES(119, 'Clara Wagner', '+49 171 9876543');
INSERT INTO `contact` (`id`, `name`, `tel`) VALUES(120, 'Oliver Hofmann', '+49 171 5678901');
INSERT INTO `contact` (`id`, `name`, `tel`) VALUES(121, 'Nina Meier', '+49 171 2345678');
INSERT INTO `contact` (`id`, `name`, `tel`) VALUES(122, 'Jakob Koch', '+49 171 8765432');
INSERT INTO `contact` (`id`, `name`, `tel`) VALUES(123, 'Emma Hoffmann', '+49 171 3456789');
INSERT INTO `contact` (`id`, `name`, `tel`) VALUES(124, 'Leonard Becker', '+49 171 9876543');
INSERT INTO `contact` (`id`, `name`, `tel`) VALUES(125, 'Sarah Richter', '+49 171 5678901');
INSERT INTO `contact` (`id`, `name`, `tel`) VALUES(126, 'David Klein', '+49 171 2345678');
INSERT INTO `contact` (`id`, `name`, `tel`) VALUES(127, 'Sophia Hartmann', '+49 171 8765432');
INSERT INTO `contact` (`id`, `name`, `tel`) VALUES(128, 'Jonas Schmitt', '+49 171 3456789');
INSERT INTO `contact` (`id`, `name`, `tel`) VALUES(129, 'Laura Schneider', '+49 171 9876543');
INSERT INTO `contact` (`id`, `name`, `tel`) VALUES(130, 'Felix Wagner', '+49 171 5678901');
INSERT INTO `contact` (`id`, `name`, `tel`) VALUES(131, 'Emma Schwarz', '+49 171 2345678');
INSERT INTO `contact` (`id`, `name`, `tel`) VALUES(132, 'Maximilian Keller', '+49 171 8765432');
INSERT INTO `contact` (`id`, `name`, `tel`) VALUES(133, 'Clara Koch', '+49 171 3456789');
INSERT INTO `contact` (`id`, `name`, `tel`) VALUES(134, 'Leonie Hofmann', '+49 171 9876543');
INSERT INTO `contact` (`id`, `name`, `tel`) VALUES(135, 'Paul Fischer', '+49 171 5678901');
INSERT INTO `contact` (`id`, `name`, `tel`) VALUES(136, 'Timo Klein', '+49 171 2345678');
INSERT INTO `contact` (`id`, `name`, `tel`) VALUES(137, 'Maya Braun', '+49 171 8765432');
INSERT INTO `contact` (`id`, `name`, `tel`) VALUES(138, 'Lena Meier', '+49 171 3456789');
INSERT INTO `contact` (`id`, `name`, `tel`) VALUES(139, 'Noah Richter', '+49 171 9876543');
INSERT INTO `contact` (`id`, `name`, `tel`) VALUES(140, 'Amelie Hartmann', '+49 171 5678901');
INSERT INTO `contact` (`id`, `name`, `tel`) VALUES(141, 'Samuel Schneider', '+49 171 2345678');
INSERT INTO `contact` (`id`, `name`, `tel`) VALUES(142, 'Luisa Schmitt', '+49 171 8765432');
INSERT INTO `contact` (`id`, `name`, `tel`) VALUES(143, 'Anton Wagner', '+49 171 3456789');
INSERT INTO `contact` (`id`, `name`, `tel`) VALUES(144, 'Sophie Hoffmann', '+49 171 9876543');
INSERT INTO `contact` (`id`, `name`, `tel`) VALUES(145, 'Clara Klein', '+49 171 4567890');
INSERT INTO `contact` (`id`, `name`, `tel`) VALUES(146, 'Lara Müller', '+49 171 2345678');
INSERT INTO `contact` (`id`, `name`, `tel`) VALUES(147, 'Felix Becker', '+49 171 8765432');
INSERT INTO `contact` (`id`, `name`, `tel`) VALUES(148, 'Ella Schmidt', '+49 171 3456789');
INSERT INTO `contact` (`id`, `name`, `tel`) VALUES(149, 'Leon Wagner', '+49 171 9876543');
INSERT INTO `contact` (`id`, `name`, `tel`) VALUES(150, 'Marie Fischer', '+49 171 5678901');
INSERT INTO `contact` (`id`, `name`, `tel`) VALUES(151, 'Paul Meier', '+49 171 2345678');
INSERT INTO `contact` (`id`, `name`, `tel`) VALUES(152, 'Laura Hartmann', '+49 171 8765432');
INSERT INTO `contact` (`id`, `name`, `tel`) VALUES(153, 'Simon Weber', '+49 171 3456789');
INSERT INTO `contact` (`id`, `name`, `tel`) VALUES(154, 'Tom Hoffmann', '+49 171 9876543');
INSERT INTO `contact` (`id`, `name`, `tel`) VALUES(155, 'Sophie Klein', '+49 171 5678901');
INSERT INTO `contact` (`id`, `name`, `tel`) VALUES(156, 'Jonas Braun', '+49 171 2345678');
INSERT INTO `contact` (`id`, `name`, `tel`) VALUES(157, 'Julia Richter', '+49 171 8765432');
INSERT INTO `contact` (`id`, `name`, `tel`) VALUES(158, 'Timo Schwarz', '+49 171 3456789');
INSERT INTO `contact` (`id`, `name`, `tel`) VALUES(159, 'Emilia Schmitt', '+49 171 9876543');
INSERT INTO `contact` (`id`, `name`, `tel`) VALUES(160, 'Maximilian Keller', '+49 171 5678901');
INSERT INTO `contact` (`id`, `name`, `tel`) VALUES(161, 'Mia Hoffmann', '+49 171 2345678');
INSERT INTO `contact` (`id`, `name`, `tel`) VALUES(162, 'Lukas Fischer', '+49 171 8765432');
INSERT INTO `contact` (`id`, `name`, `tel`) VALUES(163, 'Emma Weber', '+49 171 3456789');
INSERT INTO `contact` (`id`, `name`, `tel`) VALUES(164, 'Paul Meier', '+49 171 9876543');
INSERT INTO `contact` (`id`, `name`, `tel`) VALUES(165, 'Nina Hartmann', '+49 171 5678901');
INSERT INTO `contact` (`id`, `name`, `tel`) VALUES(166, 'Tim Koch', '+49 171 2345678');
INSERT INTO `contact` (`id`, `name`, `tel`) VALUES(167, 'Clara Müller', '+49 171 8765432');
INSERT INTO `contact` (`id`, `name`, `tel`) VALUES(168, 'Leonie Schmidt', '+49 171 3456789');
INSERT INTO `contact` (`id`, `name`, `tel`) VALUES(169, 'Samuel Wagner', '+49 171 9876543');
INSERT INTO `contact` (`id`, `name`, `tel`) VALUES(170, 'Amelie Richter', '+49 171 5678901');
INSERT INTO `contact` (`id`, `name`, `tel`) VALUES(171, 'Max Hartmann', '+49 171 2345678');
INSERT INTO `contact` (`id`, `name`, `tel`) VALUES(172, 'Sophie Keller', '+49 171 8765432');
INSERT INTO `contact` (`id`, `name`, `tel`) VALUES(173, 'David Becker', '+49 171 3456789');
INSERT INTO `contact` (`id`, `name`, `tel`) VALUES(174, 'Maya Schmitt', '+49 171 9876543');
INSERT INTO `contact` (`id`, `name`, `tel`) VALUES(175, 'Julia Klein', '+49 171 5678901');
INSERT INTO `contact` (`id`, `name`, `tel`) VALUES(176, 'Noah Müller', '+49 171 2345678');
INSERT INTO `contact` (`id`, `name`, `tel`) VALUES(177, 'Emilia Fischer', '+49 171 8765432');
INSERT INTO `contact` (`id`, `name`, `tel`) VALUES(178, 'Felix Hartmann', '+49 171 3456789');
INSERT INTO `contact` (`id`, `name`, `tel`) VALUES(179, 'Leon Weber', '+49 171 9876543');
INSERT INTO `contact` (`id`, `name`, `tel`) VALUES(180, 'Anna Hoffmann', '+49 171 5678901');
INSERT INTO `contact` (`id`, `name`, `tel`) VALUES(181, 'Jonas Richter', '+49 171 2345678');
INSERT INTO `contact` (`id`, `name`, `tel`) VALUES(182, 'Laura Becker', '+49 171 8765432');
INSERT INTO `contact` (`id`, `name`, `tel`) VALUES(183, 'Timo Schneider', '+49 171 3456789');
INSERT INTO `contact` (`id`, `name`, `tel`) VALUES(184, 'Clara Klein', '+49 171 9876543');
INSERT INTO `contact` (`id`, `name`, `tel`) VALUES(185, 'Paul Müller', '+49 171 5678901');
INSERT INTO `contact` (`id`, `name`, `tel`) VALUES(186, 'Lara Fischer', '+49 171 2345678');
INSERT INTO `contact` (`id`, `name`, `tel`) VALUES(187, 'Tom Braun', '+49 171 8765432');
INSERT INTO `contact` (`id`, `name`, `tel`) VALUES(188, 'Maya Koch', '+49 171 3456789');
INSERT INTO `contact` (`id`, `name`, `tel`) VALUES(189, 'Lena Schmitt', '+49 171 9876543');
INSERT INTO `contact` (`id`, `name`, `tel`) VALUES(190, 'Tim Meier', '+49 171 5678901');
INSERT INTO `contact` (`id`, `name`, `tel`) VALUES(191, 'Sophie Weber', '+49 171 2345678');
INSERT INTO `contact` (`id`, `name`, `tel`) VALUES(192, 'Anna Hartmann', '+49 171 8765432');
INSERT INTO `contact` (`id`, `name`, `tel`) VALUES(193, 'David Wagner', '+49 171 3456789');
INSERT INTO `contact` (`id`, `name`, `tel`) VALUES(194, 'Lukas Schneider', '+49 171 9876543');
INSERT INTO `contact` (`id`, `name`, `tel`) VALUES(195, 'Mia Klein', '+49 171 5678901');
INSERT INTO `contact` (`id`, `name`, `tel`) VALUES(196, 'Tom König', '+49 123 4567890');
INSERT INTO `contact` (`id`, `name`, `tel`) VALUES(197, 'Erika Mustermann', '+49 123 4567891');
INSERT INTO `contact` (`id`, `name`, `tel`) VALUES(198, 'Hans Müller', '+49 123 4567892');
INSERT INTO `contact` (`id`, `name`, `tel`) VALUES(199, 'Petra Schmidt', '+49 123 4567893');
INSERT INTO `contact` (`id`, `name`, `tel`) VALUES(200, 'Thomas Schneider', '+49 123 4567894');
INSERT INTO `contact` (`id`, `name`, `tel`) VALUES(201, 'Anna Becker', '+49 123 4567895');
INSERT INTO `contact` (`id`, `name`, `tel`) VALUES(202, 'Michael Fischer', '+49 123 4567896');
INSERT INTO `contact` (`id`, `name`, `tel`) VALUES(203, 'Julia Meyer', '+49 123 4567897');
INSERT INTO `contact` (`id`, `name`, `tel`) VALUES(204, 'Laura Wagner', '+49 123 4567898');
INSERT INTO `contact` (`id`, `name`, `tel`) VALUES(205, 'Daniel Weber', '+49 123 4567899');
INSERT INTO `contact` (`id`, `name`, `tel`) VALUES(206, 'Sophie Hoffmann', '+49 123 4567800');
INSERT INTO `contact` (`id`, `name`, `tel`) VALUES(207, 'David Koch', '+49 123 4567801');
INSERT INTO `contact` (`id`, `name`, `tel`) VALUES(208, 'Nina Richter', '+49 123 4567802');
INSERT INTO `contact` (`id`, `name`, `tel`) VALUES(209, 'Oliver Klein', '+49 123 4567803');
INSERT INTO `contact` (`id`, `name`, `tel`) VALUES(210, 'Marie Schwarz', '+49 123 4567804');
INSERT INTO `contact` (`id`, `name`, `tel`) VALUES(211, 'Lukas Braun', '+49 123 4567805');
INSERT INTO `contact` (`id`, `name`, `tel`) VALUES(212, 'Lea Zimmermann', '+49 123 4567806');
INSERT INTO `contact` (`id`, `name`, `tel`) VALUES(213, 'Felix Hartmann', '+49 123 4567807');
INSERT INTO `contact` (`id`, `name`, `tel`) VALUES(214, 'Lena Lange', '+49 123 4567808');
INSERT INTO `contact` (`id`, `name`, `tel`) VALUES(215, 'Paul Schmitt', '+49 123 4567809');
INSERT INTO `contact` (`id`, `name`, `tel`) VALUES(216, 'Lisa Schuster', '+49 123 4567810');
INSERT INTO `contact` (`id`, `name`, `tel`) VALUES(217, 'Tobias Jäger', '+49 123 4567811');
INSERT INTO `contact` (`id`, `name`, `tel`) VALUES(218, 'Clara Schreiber', '+49 123 4567812');
INSERT INTO `contact` (`id`, `name`, `tel`) VALUES(219, 'Tom Maier', '+49 123 4567813');
INSERT INTO `contact` (`id`, `name`, `tel`) VALUES(220, 'Miriam Wolf', '+49 123 4567814');
INSERT INTO `contact` (`id`, `name`, `tel`) VALUES(221, 'Markus Richter', '+49 123 4567815');
INSERT INTO `contact` (`id`, `name`, `tel`) VALUES(222, 'Isabella Neumann', '+49 123 4567816');
INSERT INTO `contact` (`id`, `name`, `tel`) VALUES(223, 'Julius Roth', '+49 123 4567817');
INSERT INTO `contact` (`id`, `name`, `tel`) VALUES(224, 'Vivian Klein', '+49 123 4567818');
INSERT INTO `contact` (`id`, `name`, `tel`) VALUES(225, 'Leonard Schreiber', '+49 123 4567819');
INSERT INTO `contact` (`id`, `name`, `tel`) VALUES(226, 'Melina Schneider', '+49 123 4567820');
INSERT INTO `contact` (`id`, `name`, `tel`) VALUES(227, 'Jonas Fuchs', '+49 123 4567821');
INSERT INTO `contact` (`id`, `name`, `tel`) VALUES(228, 'Paula Richter', '+49 123 4567822');
INSERT INTO `contact` (`id`, `name`, `tel`) VALUES(229, 'Eric Peters', '+49 123 4567823');
INSERT INTO `contact` (`id`, `name`, `tel`) VALUES(230, 'Charlotte Krüger', '+49 123 4567824');
INSERT INTO `contact` (`id`, `name`, `tel`) VALUES(231, 'Simon Wolf', '+49 123 4567825');
INSERT INTO `contact` (`id`, `name`, `tel`) VALUES(232, 'Amelie Frank', '+49 123 4567826');
INSERT INTO `contact` (`id`, `name`, `tel`) VALUES(233, 'Finn Schmidt', '+49 123 4567827');
INSERT INTO `contact` (`id`, `name`, `tel`) VALUES(234, 'Maja König', '+49 123 4567828');
INSERT INTO `contact` (`id`, `name`, `tel`) VALUES(235, 'Leon Müller', '+49 123 4567829');
INSERT INTO `contact` (`id`, `name`, `tel`) VALUES(236, 'Selina Klein', '+49 123 4567830');
INSERT INTO `contact` (`id`, `name`, `tel`) VALUES(237, 'Yannick Becker', '+49 123 4567831');
INSERT INTO `contact` (`id`, `name`, `tel`) VALUES(238, 'Emily Lang', '+49 123 4567832');
INSERT INTO `contact` (`id`, `name`, `tel`) VALUES(239, 'Louis Schulz', '+49 123 4567833');
INSERT INTO `contact` (`id`, `name`, `tel`) VALUES(240, 'Nora Krüger', '+49 123 4567834');
INSERT INTO `contact` (`id`, `name`, `tel`) VALUES(241, 'Luis Schmitt', '+49 123 4567835');
INSERT INTO `contact` (`id`, `name`, `tel`) VALUES(242, 'Zoe Weber', '+49 123 4567836');
INSERT INTO `contact` (`id`, `name`, `tel`) VALUES(243, 'Benedikt Hoffmann', '+49 123 4567837');
INSERT INTO `contact` (`id`, `name`, `tel`) VALUES(244, 'Tina Krüger', '+49 123 4567838');
INSERT INTO `contact` (`id`, `name`, `tel`) VALUES(245, 'Philipp Lange', '+49 123 4567839');

-- --------------------------------------------------------

--
-- Daten für Tabelle `user`
--

INSERT INTO `user` (`id`, `password`, `username`, `contact_id`) VALUES(1, '+INdDt2JaxoJLHzD4iAlWPYMJA0uJhusP37DvMHBKmen15EMj1Vn7BAxWS1TYFniKFKjuSyIEFbxy9jSx4d8Tw==', 'koch', 1);
INSERT INTO `user` (`id`, `password`, `username`, `contact_id`) VALUES(2, 'dNw2o1ZcCW+Ge/n/yfYpMLbUZ9fbxqLXEuxTa6ilzXLgmr1imFH27T6q9ZNzlqBeAdKIHDf5SopFt0ttbDybEg==', 'you', 2);

-- --------------------------------------------------------

--
-- Daten für Tabelle `ghostnet`
--

INSERT INTO `ghostnet` (`height`, `id`, `latitude`, `longitude`, `state`, `width`, `reportingUser_id`, `retrievingUser_id`, `contact_id`, `retrievingContact_id`) VALUES(2.5, 1, 55.73, 18.15, 0, 15, NULL, NULL, 43, 40);
INSERT INTO `ghostnet` (`height`, `id`, `latitude`, `longitude`, `state`, `width`, `reportingUser_id`, `retrievingUser_id`, `contact_id`, `retrievingContact_id`) VALUES(3, 2, 47.67, -13.18, 1, 10, 1, 2, 80, 81);
INSERT INTO `ghostnet` (`height`, `id`, `latitude`, `longitude`, `state`, `width`, `reportingUser_id`, `retrievingUser_id`, `contact_id`, `retrievingContact_id`) VALUES(1.5, 3, 60.8021, -16.6113, 0, 8, 1, 2, 82, 83);
INSERT INTO `ghostnet` (`height`, `id`, `latitude`, `longitude`, `state`, `width`, `reportingUser_id`, `retrievingUser_id`, `contact_id`, `retrievingContact_id`) VALUES(4, 4, -13.9234, -5.27344, 2, 12, NULL, NULL, 53, 54);
INSERT INTO `ghostnet` (`height`, `id`, `latitude`, `longitude`, `state`, `width`, `reportingUser_id`, `retrievingUser_id`, `contact_id`, `retrievingContact_id`) VALUES(6, 5, -2.72358, 2.63672, 0, 20, NULL, NULL, 55, 56);
INSERT INTO `ghostnet` (`height`, `id`, `latitude`, `longitude`, `state`, `width`, `reportingUser_id`, `retrievingUser_id`, `contact_id`, `retrievingContact_id`) VALUES(5, 6, 55.75, 18.18, 1, 9, NULL, NULL, 151, 106);
INSERT INTO `ghostnet` (`height`, `id`, `latitude`, `longitude`, `state`, `width`, `reportingUser_id`, `retrievingUser_id`, `contact_id`, `retrievingContact_id`) VALUES(6, 7, -2.725, 2.64, 0, 7, NULL, NULL, 152, 107);
INSERT INTO `ghostnet` (`height`, `id`, `latitude`, `longitude`, `state`, `width`, `reportingUser_id`, `retrievingUser_id`, `contact_id`, `retrievingContact_id`) VALUES(6, 8, 60.795, -16.58, 0, 4, 1, 2, 153, 108);
INSERT INTO `ghostnet` (`height`, `id`, `latitude`, `longitude`, `state`, `width`, `reportingUser_id`, `retrievingUser_id`, `contact_id`, `retrievingContact_id`) VALUES(6, 9, -13.234, -6.123, 2, 4, NULL, NULL, 154, 109);
INSERT INTO `ghostnet` (`height`, `id`, `latitude`, `longitude`, `state`, `width`, `reportingUser_id`, `retrievingUser_id`, `contact_id`, `retrievingContact_id`) VALUES(6, 10, -14.567, -6.89, 2, 4, NULL, NULL, 155, 110);
INSERT INTO `ghostnet` (`height`, `id`, `latitude`, `longitude`, `state`, `width`, `reportingUser_id`, `retrievingUser_id`, `contact_id`, `retrievingContact_id`) VALUES(7, 11, -13.91, -5.29, 2, 5, NULL, NULL, 156, 111);
INSERT INTO `ghostnet` (`height`, `id`, `latitude`, `longitude`, `state`, `width`, `reportingUser_id`, `retrievingUser_id`, `contact_id`, `retrievingContact_id`) VALUES(7, 12, 56.456, 18.789, 0, 8, NULL, NULL, 157, 112);
INSERT INTO `ghostnet` (`height`, `id`, `latitude`, `longitude`, `state`, `width`, `reportingUser_id`, `retrievingUser_id`, `contact_id`, `retrievingContact_id`) VALUES(7, 13, -13.92, -5.28, 2, 3, NULL, NULL, 158, 113);
INSERT INTO `ghostnet` (`height`, `id`, `latitude`, `longitude`, `state`, `width`, `reportingUser_id`, `retrievingUser_id`, `contact_id`, `retrievingContact_id`) VALUES(7, 14, -3.89, 4.123, 0, 5, NULL, NULL, 159, 114);
INSERT INTO `ghostnet` (`height`, `id`, `latitude`, `longitude`, `state`, `width`, `reportingUser_id`, `retrievingUser_id`, `contact_id`, `retrievingContact_id`) VALUES(8, 15, 55.743, 18.203, 0, 5, NULL, NULL, 160, 115);
INSERT INTO `ghostnet` (`height`, `id`, `latitude`, `longitude`, `state`, `width`, `reportingUser_id`, `retrievingUser_id`, `contact_id`, `retrievingContact_id`) VALUES(8, 16, 47.69, -13.16, 1, 6, 1, 2, 161, 116);
INSERT INTO `ghostnet` (`height`, `id`, `latitude`, `longitude`, `state`, `width`, `reportingUser_id`, `retrievingUser_id`, `contact_id`, `retrievingContact_id`) VALUES(8, 17, -2.89, 2.456, 0, 5, NULL, NULL, 162, 117);
INSERT INTO `ghostnet` (`height`, `id`, `latitude`, `longitude`, `state`, `width`, `reportingUser_id`, `retrievingUser_id`, `contact_id`, `retrievingContact_id`) VALUES(8, 18, 56.789, 18.456, 0, 8, NULL, NULL, 163, 118);
INSERT INTO `ghostnet` (`height`, `id`, `latitude`, `longitude`, `state`, `width`, `reportingUser_id`, `retrievingUser_id`, `contact_id`, `retrievingContact_id`) VALUES(8, 19, 47.6, -13.1, 1, 7, 1, 2, 164, 119);
INSERT INTO `ghostnet` (`height`, `id`, `latitude`, `longitude`, `state`, `width`, `reportingUser_id`, `retrievingUser_id`, `contact_id`, `retrievingContact_id`) VALUES(8, 20, 48.345, -12.234, 1, 6, 1, 2, 165, 120);
INSERT INTO `ghostnet` (`height`, `id`, `latitude`, `longitude`, `state`, `width`, `reportingUser_id`, `retrievingUser_id`, `contact_id`, `retrievingContact_id`) VALUES(8, 21, -13.123, -5.678, 2, 3, NULL, NULL, 166, 121);
INSERT INTO `ghostnet` (`height`, `id`, `latitude`, `longitude`, `state`, `width`, `reportingUser_id`, `retrievingUser_id`, `contact_id`, `retrievingContact_id`) VALUES(9, 22, -13.94, -5.25, 2, 10, NULL, NULL, 167, 122);
INSERT INTO `ghostnet` (`height`, `id`, `latitude`, `longitude`, `state`, `width`, `reportingUser_id`, `retrievingUser_id`, `contact_id`, `retrievingContact_id`) VALUES(9, 23, 56.123, 17.456, 0, 7, NULL, NULL, 168, 123);
INSERT INTO `ghostnet` (`height`, `id`, `latitude`, `longitude`, `state`, `width`, `reportingUser_id`, `retrievingUser_id`, `contact_id`, `retrievingContact_id`) VALUES(9, 24, -14.234, -5.89, 2, 3, NULL, NULL, 169, 124);
INSERT INTO `ghostnet` (`height`, `id`, `latitude`, `longitude`, `state`, `width`, `reportingUser_id`, `retrievingUser_id`, `contact_id`, `retrievingContact_id`) VALUES(9, 25, 47.68, -13.12, 1, 4, 1, 2, 170, 125);
INSERT INTO `ghostnet` (`height`, `id`, `latitude`, `longitude`, `state`, `width`, `reportingUser_id`, `retrievingUser_id`, `contact_id`, `retrievingContact_id`) VALUES(9, 26, 57.89, 19.123, 0, 6, NULL, NULL, 171, 126);
INSERT INTO `ghostnet` (`height`, `id`, `latitude`, `longitude`, `state`, `width`, `reportingUser_id`, `retrievingUser_id`, `contact_id`, `retrievingContact_id`) VALUES(9, 27, -13.678, -4.89, 2, 4, NULL, NULL, 172, 127);
INSERT INTO `ghostnet` (`height`, `id`, `latitude`, `longitude`, `state`, `width`, `reportingUser_id`, `retrievingUser_id`, `contact_id`, `retrievingContact_id`) VALUES(9, 28, 45.123, -12.678, 1, 7, 1, 2, 173, 128);
INSERT INTO `ghostnet` (`height`, `id`, `latitude`, `longitude`, `state`, `width`, `reportingUser_id`, `retrievingUser_id`, `contact_id`, `retrievingContact_id`) VALUES(9, 29, -13.93, -5.26, 2, 7, NULL, NULL, 174, 129);
INSERT INTO `ghostnet` (`height`, `id`, `latitude`, `longitude`, `state`, `width`, `reportingUser_id`, `retrievingUser_id`, `contact_id`, `retrievingContact_id`) VALUES(10, 30, 61.234, -16.89, 0, 9, 1, 2, 175, 130);
INSERT INTO `ghostnet` (`height`, `id`, `latitude`, `longitude`, `state`, `width`, `reportingUser_id`, `retrievingUser_id`, `contact_id`, `retrievingContact_id`) VALUES(10, 31, -2.74, 2.65, 0, 11, NULL, NULL, 176, 131);
INSERT INTO `ghostnet` (`height`, `id`, `latitude`, `longitude`, `state`, `width`, `reportingUser_id`, `retrievingUser_id`, `contact_id`, `retrievingContact_id`) VALUES(10, 32, 62.123, -16.456, 0, 9, 1, 2, 177, 132);
INSERT INTO `ghostnet` (`height`, `id`, `latitude`, `longitude`, `state`, `width`, `reportingUser_id`, `retrievingUser_id`, `contact_id`, `retrievingContact_id`) VALUES(10, 33, 60.802, -16.612, 0, 6, 1, 2, 178, 133);
INSERT INTO `ghostnet` (`height`, `id`, `latitude`, `longitude`, `state`, `width`, `reportingUser_id`, `retrievingUser_id`, `contact_id`, `retrievingContact_id`) VALUES(10, 34, -2.72, 2.63, 0, 12, NULL, NULL, 179, 134);
INSERT INTO `ghostnet` (`height`, `id`, `latitude`, `longitude`, `state`, `width`, `reportingUser_id`, `retrievingUser_id`, `contact_id`, `retrievingContact_id`) VALUES(10, 35, 63.456, -15.678, 0, 9, 1, 2, 180, 135);
INSERT INTO `ghostnet` (`height`, `id`, `latitude`, `longitude`, `state`, `width`, `reportingUser_id`, `retrievingUser_id`, `contact_id`, `retrievingContact_id`) VALUES(10, 36, 60.123, -15.678, 0, 8, 1, 2, 181, 136);
INSERT INTO `ghostnet` (`height`, `id`, `latitude`, `longitude`, `state`, `width`, `reportingUser_id`, `retrievingUser_id`, `contact_id`, `retrievingContact_id`) VALUES(10, 37, -2.73, 2.62, 0, 12, NULL, NULL, 182, 137);
INSERT INTO `ghostnet` (`height`, `id`, `latitude`, `longitude`, `state`, `width`, `reportingUser_id`, `retrievingUser_id`, `contact_id`, `retrievingContact_id`) VALUES(10, 38, 62.789, -17.123, 0, 8, 1, 2, 183, 138);
INSERT INTO `ghostnet` (`height`, `id`, `latitude`, `longitude`, `state`, `width`, `reportingUser_id`, `retrievingUser_id`, `contact_id`, `retrievingContact_id`) VALUES(10, 39, 55.89, 19.456, 0, 6, NULL, NULL, 184, 139);
INSERT INTO `ghostnet` (`height`, `id`, `latitude`, `longitude`, `state`, `width`, `reportingUser_id`, `retrievingUser_id`, `contact_id`, `retrievingContact_id`) VALUES(11, 40, 60.8, -16.61, 0, 8, 1, 2, 185, 140);
INSERT INTO `ghostnet` (`height`, `id`, `latitude`, `longitude`, `state`, `width`, `reportingUser_id`, `retrievingUser_id`, `contact_id`, `retrievingContact_id`) VALUES(11, 41, 47.89, -11.123, 1, 8, 1, 2, 186, 141);
INSERT INTO `ghostnet` (`height`, `id`, `latitude`, `longitude`, `state`, `width`, `reportingUser_id`, `retrievingUser_id`, `contact_id`, `retrievingContact_id`) VALUES(11, 42, 55.84, 18.12, 0, 8, NULL, NULL, 187, 142);
INSERT INTO `ghostnet` (`height`, `id`, `latitude`, `longitude`, `state`, `width`, `reportingUser_id`, `retrievingUser_id`, `contact_id`, `retrievingContact_id`) VALUES(11, 43, 45.678, -12.345, 1, 8, 1, 2, 188, 143);
INSERT INTO `ghostnet` (`height`, `id`, `latitude`, `longitude`, `state`, `width`, `reportingUser_id`, `retrievingUser_id`, `contact_id`, `retrievingContact_id`) VALUES(11, 44, -3.234, 3.456, 0, 7, NULL, NULL, 189, 144);
INSERT INTO `ghostnet` (`height`, `id`, `latitude`, `longitude`, `state`, `width`, `reportingUser_id`, `retrievingUser_id`, `contact_id`, `retrievingContact_id`) VALUES(12, 45, -2.123, 2.789, 0, 9, NULL, NULL, 190, 145);
INSERT INTO `ghostnet` (`height`, `id`, `latitude`, `longitude`, `state`, `width`, `reportingUser_id`, `retrievingUser_id`, `contact_id`, `retrievingContact_id`) VALUES(12, 46, 47.72, -13.2, 1, 6, 1, 2, 191, 146);
INSERT INTO `ghostnet` (`height`, `id`, `latitude`, `longitude`, `state`, `width`, `reportingUser_id`, `retrievingUser_id`, `contact_id`, `retrievingContact_id`) VALUES(12, 47, 46.345, -13.678, 1, 7, 1, 2, 192, 147);
INSERT INTO `ghostnet` (`height`, `id`, `latitude`, `longitude`, `state`, `width`, `reportingUser_id`, `retrievingUser_id`, `contact_id`, `retrievingContact_id`) VALUES(12, 48, -2.89, 2.123, 0, 9, NULL, NULL, 193, 148);
INSERT INTO `ghostnet` (`height`, `id`, `latitude`, `longitude`, `state`, `width`, `reportingUser_id`, `retrievingUser_id`, `contact_id`, `retrievingContact_id`) VALUES(12, 49, 55.76, 18.15, 0, 10, NULL, NULL, 194, 149);
INSERT INTO `ghostnet` (`height`, `id`, `latitude`, `longitude`, `state`, `width`, `reportingUser_id`, `retrievingUser_id`, `contact_id`, `retrievingContact_id`) VALUES(13, 50, 60.75, -16.6, 0, 4, 1, 2, 195, 150);
INSERT INTO `ghostnet` (`height`, `id`, `latitude`, `longitude`, `state`, `width`, `reportingUser_id`, `retrievingUser_id`, `contact_id`, `retrievingContact_id`) VALUES(10, 51, 30.9, -16.8, 0, 11, 1, 2, 196, 52);
INSERT INTO `ghostnet` (`height`, `id`, `latitude`, `longitude`, `state`, `width`, `reportingUser_id`, `retrievingUser_id`, `contact_id`, `retrievingContact_id`) VALUES(10, 52, -14.234, -5.89, 2, 11, NULL, NULL, 197, 51);
INSERT INTO `ghostnet` (`height`, `id`, `latitude`, `longitude`, `state`, `width`, `reportingUser_id`, `retrievingUser_id`, `contact_id`, `retrievingContact_id`) VALUES(10, 53, 45.123, -12.678, 1, 21, 1, 2, 198, 50);
INSERT INTO `ghostnet` (`height`, `id`, `latitude`, `longitude`, `state`, `width`, `reportingUser_id`, `retrievingUser_id`, `contact_id`, `retrievingContact_id`) VALUES(15, 54, 36.456, -78.789, 0, 20, NULL, NULL, 199, 49);
INSERT INTO `ghostnet` (`height`, `id`, `latitude`, `longitude`, `state`, `width`, `reportingUser_id`, `retrievingUser_id`, `contact_id`, `retrievingContact_id`) VALUES(15, 55, 5.75, -80.18, 0, 13, NULL, NULL, 200, 48);
INSERT INTO `ghostnet` (`height`, `id`, `latitude`, `longitude`, `state`, `width`, `reportingUser_id`, `retrievingUser_id`, `contact_id`, `retrievingContact_id`) VALUES(15, 56, 34.6, -120.6, 0, 10, NULL, NULL, 201, 151);
INSERT INTO `ghostnet` (`height`, `id`, `latitude`, `longitude`, `state`, `width`, `reportingUser_id`, `retrievingUser_id`, `contact_id`, `retrievingContact_id`) VALUES(20, 57, 30.5, -70.5, 0, 20, 1, 2, 202, 152);
INSERT INTO `ghostnet` (`height`, `id`, `latitude`, `longitude`, `state`, `width`, `reportingUser_id`, `retrievingUser_id`, `contact_id`, `retrievingContact_id`) VALUES(20, 58, -2.89, 2.123, 0, 20, NULL, NULL, 203, 153);
INSERT INTO `ghostnet` (`height`, `id`, `latitude`, `longitude`, `state`, `width`, `reportingUser_id`, `retrievingUser_id`, `contact_id`, `retrievingContact_id`) VALUES(20, 59, 26.789, -17.123, 0, 24, 1, 2, 204, 154);
INSERT INTO `ghostnet` (`height`, `id`, `latitude`, `longitude`, `state`, `width`, `reportingUser_id`, `retrievingUser_id`, `contact_id`, `retrievingContact_id`) VALUES(20, 60, -13.123, -5.678, 2, 11, NULL, NULL, 205, 155);
INSERT INTO `ghostnet` (`height`, `id`, `latitude`, `longitude`, `state`, `width`, `reportingUser_id`, `retrievingUser_id`, `contact_id`, `retrievingContact_id`) VALUES(20, 61, 32.8, -16.5, 0, 28, 1, 2, 206, 156);
INSERT INTO `ghostnet` (`height`, `id`, `latitude`, `longitude`, `state`, `width`, `reportingUser_id`, `retrievingUser_id`, `contact_id`, `retrievingContact_id`) VALUES(25, 62, -13.234, -6.123, 2, 22, NULL, NULL, 207, 157);
INSERT INTO `ghostnet` (`height`, `id`, `latitude`, `longitude`, `state`, `width`, `reportingUser_id`, `retrievingUser_id`, `contact_id`, `retrievingContact_id`) VALUES(25, 63, 10.8, -65.2, 2, 12, NULL, NULL, 208, 158);
INSERT INTO `ghostnet` (`height`, `id`, `latitude`, `longitude`, `state`, `width`, `reportingUser_id`, `retrievingUser_id`, `contact_id`, `retrievingContact_id`) VALUES(25, 64, -10.8, -70.7, 0, 14, 1, 2, 209, 159);
INSERT INTO `ghostnet` (`height`, `id`, `latitude`, `longitude`, `state`, `width`, `reportingUser_id`, `retrievingUser_id`, `contact_id`, `retrievingContact_id`) VALUES(25, 65, 4.3, 17.456, 0, 10, NULL, NULL, 210, 160);
INSERT INTO `ghostnet` (`height`, `id`, `latitude`, `longitude`, `state`, `width`, `reportingUser_id`, `retrievingUser_id`, `contact_id`, `retrievingContact_id`) VALUES(30, 66, 60.123, -15.678, 0, 12, 1, 2, 211, 161);
INSERT INTO `ghostnet` (`height`, `id`, `latitude`, `longitude`, `state`, `width`, `reportingUser_id`, `retrievingUser_id`, `contact_id`, `retrievingContact_id`) VALUES(30, 67, -2.6, -55.7, 0, 25, NULL, NULL, 212, 162);
INSERT INTO `ghostnet` (`height`, `id`, `latitude`, `longitude`, `state`, `width`, `reportingUser_id`, `retrievingUser_id`, `contact_id`, `retrievingContact_id`) VALUES(30, 68, -2.123, 2.789, 0, 14, NULL, NULL, 213, 163);
INSERT INTO `ghostnet` (`height`, `id`, `latitude`, `longitude`, `state`, `width`, `reportingUser_id`, `retrievingUser_id`, `contact_id`, `retrievingContact_id`) VALUES(30, 69, 5.678, -12.345, 1, 22, 1, 2, 214, 164);
INSERT INTO `ghostnet` (`height`, `id`, `latitude`, `longitude`, `state`, `width`, `reportingUser_id`, `retrievingUser_id`, `contact_id`, `retrievingContact_id`) VALUES(35, 70, -14.567, -6.89, 2, 18, NULL, NULL, 215, 165);
INSERT INTO `ghostnet` (`height`, `id`, `latitude`, `longitude`, `state`, `width`, `reportingUser_id`, `retrievingUser_id`, `contact_id`, `retrievingContact_id`) VALUES(35, 71, -8.9, -85.25, 2, 22, NULL, NULL, 216, 166);
INSERT INTO `ghostnet` (`height`, `id`, `latitude`, `longitude`, `state`, `width`, `reportingUser_id`, `retrievingUser_id`, `contact_id`, `retrievingContact_id`) VALUES(35, 72, 61.234, -16.89, 0, 14, 1, 2, 217, 167);
INSERT INTO `ghostnet` (`height`, `id`, `latitude`, `longitude`, `state`, `width`, `reportingUser_id`, `retrievingUser_id`, `contact_id`, `retrievingContact_id`) VALUES(35, 73, 56.789, 18.456, 0, 26, NULL, NULL, 218, 168);
INSERT INTO `ghostnet` (`height`, `id`, `latitude`, `longitude`, `state`, `width`, `reportingUser_id`, `retrievingUser_id`, `contact_id`, `retrievingContact_id`) VALUES(40, 74, 29.7, -13.3, 1, 18, 1, 2, 219, 169);
INSERT INTO `ghostnet` (`height`, `id`, `latitude`, `longitude`, `state`, `width`, `reportingUser_id`, `retrievingUser_id`, `contact_id`, `retrievingContact_id`) VALUES(40, 75, 35, 10.7, 0, 12, NULL, NULL, 220, 170);
INSERT INTO `ghostnet` (`height`, `id`, `latitude`, `longitude`, `state`, `width`, `reportingUser_id`, `retrievingUser_id`, `contact_id`, `retrievingContact_id`) VALUES(40, 76, -3.89, 4.123, 0, 18, NULL, NULL, 221, 171);
INSERT INTO `ghostnet` (`height`, `id`, `latitude`, `longitude`, `state`, `width`, `reportingUser_id`, `retrievingUser_id`, `contact_id`, `retrievingContact_id`) VALUES(40, 77, -3.234, 3.456, 0, 16, NULL, NULL, 222, 172);
INSERT INTO `ghostnet` (`height`, `id`, `latitude`, `longitude`, `state`, `width`, `reportingUser_id`, `retrievingUser_id`, `contact_id`, `retrievingContact_id`) VALUES(45, 78, 10.75, -82.15, 1, 19, NULL, NULL, 223, 173);
INSERT INTO `ghostnet` (`height`, `id`, `latitude`, `longitude`, `state`, `width`, `reportingUser_id`, `retrievingUser_id`, `contact_id`, `retrievingContact_id`) VALUES(45, 79, 29.65, -60.15, 1, 26, 1, 2, 224, 174);
INSERT INTO `ghostnet` (`height`, `id`, `latitude`, `longitude`, `state`, `width`, `reportingUser_id`, `retrievingUser_id`, `contact_id`, `retrievingContact_id`) VALUES(45, 80, 47.89, -11.123, 1, 27, 1, 2, 225, 175);
INSERT INTO `ghostnet` (`height`, `id`, `latitude`, `longitude`, `state`, `width`, `reportingUser_id`, `retrievingUser_id`, `contact_id`, `retrievingContact_id`) VALUES(50, 81, -13.95, -5.3, 2, 30, NULL, NULL, 226, 176);
INSERT INTO `ghostnet` (`height`, `id`, `latitude`, `longitude`, `state`, `width`, `reportingUser_id`, `retrievingUser_id`, `contact_id`, `retrievingContact_id`) VALUES(50, 82, 36.7, -121.9, 1, 15, 1, 2, 227, 177);
INSERT INTO `ghostnet` (`height`, `id`, `latitude`, `longitude`, `state`, `width`, `reportingUser_id`, `retrievingUser_id`, `contact_id`, `retrievingContact_id`) VALUES(50, 83, -13.678, -4.89, 2, 29, NULL, NULL, 228, 178);
INSERT INTO `ghostnet` (`height`, `id`, `latitude`, `longitude`, `state`, `width`, `reportingUser_id`, `retrievingUser_id`, `contact_id`, `retrievingContact_id`) VALUES(55, 84, 17.6, -92.05, 1, 24, 1, 2, 229, 179);
INSERT INTO `ghostnet` (`height`, `id`, `latitude`, `longitude`, `state`, `width`, `reportingUser_id`, `retrievingUser_id`, `contact_id`, `retrievingContact_id`) VALUES(60, 85, 55.89, 19.456, 0, 15, NULL, NULL, 230, 180);
INSERT INTO `ghostnet` (`height`, `id`, `latitude`, `longitude`, `state`, `width`, `reportingUser_id`, `retrievingUser_id`, `contact_id`, `retrievingContact_id`) VALUES(60, 86, -2.89, 2.456, 0, 23, NULL, NULL, 231, 181);
INSERT INTO `ghostnet` (`height`, `id`, `latitude`, `longitude`, `state`, `width`, `reportingUser_id`, `retrievingUser_id`, `contact_id`, `retrievingContact_id`) VALUES(60, 87, -2.8, 30.6, 0, 27, NULL, NULL, 232, 182);
INSERT INTO `ghostnet` (`height`, `id`, `latitude`, `longitude`, `state`, `width`, `reportingUser_id`, `retrievingUser_id`, `contact_id`, `retrievingContact_id`) VALUES(70, 88, 18.345, -12.234, 1, 28, 1, 2, 233, 183);
INSERT INTO `ghostnet` (`height`, `id`, `latitude`, `longitude`, `state`, `width`, `reportingUser_id`, `retrievingUser_id`, `contact_id`, `retrievingContact_id`) VALUES(70, 89, 15.8, 20, 0, 30, NULL, NULL, 234, 184);
INSERT INTO `ghostnet` (`height`, `id`, `latitude`, `longitude`, `state`, `width`, `reportingUser_id`, `retrievingUser_id`, `contact_id`, `retrievingContact_id`) VALUES(75, 90, 10.345, -13.678, 1, 19, 1, 2, 235, 185);
INSERT INTO `ghostnet` (`height`, `id`, `latitude`, `longitude`, `state`, `width`, `reportingUser_id`, `retrievingUser_id`, `contact_id`, `retrievingContact_id`) VALUES(80, 91, 63.456, -5.678, 0, 25, 1, 2, 236, 186);
INSERT INTO `ghostnet` (`height`, `id`, `latitude`, `longitude`, `state`, `width`, `reportingUser_id`, `retrievingUser_id`, `contact_id`, `retrievingContact_id`) VALUES(80, 92, -20.3, -40.5, 2, 15, NULL, NULL, 237, 187);
INSERT INTO `ghostnet` (`height`, `id`, `latitude`, `longitude`, `state`, `width`, `reportingUser_id`, `retrievingUser_id`, `contact_id`, `retrievingContact_id`) VALUES(90, 93, 25.7, -72.65, 0, 20, NULL, NULL, 238, 188);
INSERT INTO `ghostnet` (`height`, `id`, `latitude`, `longitude`, `state`, `width`, `reportingUser_id`, `retrievingUser_id`, `contact_id`, `retrievingContact_id`) VALUES(90, 94, 10.89, -20.123, 0, 17, NULL, NULL, 239, 189);
INSERT INTO `ghostnet` (`height`, `id`, `latitude`, `longitude`, `state`, `width`, `reportingUser_id`, `retrievingUser_id`, `contact_id`, `retrievingContact_id`) VALUES(90, 95, 62.123, -16.456, 0, 23, 1, 2, 240, 190);
INSERT INTO `ghostnet` (`height`, `id`, `latitude`, `longitude`, `state`, `width`, `reportingUser_id`, `retrievingUser_id`, `contact_id`, `retrievingContact_id`) VALUES(6, 96, -1.89, 3.123, 0, 5, NULL, NULL, 241, 236);
INSERT INTO `ghostnet` (`height`, `id`, `latitude`, `longitude`, `state`, `width`, `reportingUser_id`, `retrievingUser_id`, `contact_id`, `retrievingContact_id`) VALUES(8, 97, -12.123, -5.456, 2, 4, NULL, NULL, 242, 237);
INSERT INTO `ghostnet` (`height`, `id`, `latitude`, `longitude`, `state`, `width`, `reportingUser_id`, `retrievingUser_id`, `contact_id`, `retrievingContact_id`) VALUES(9, 98, 47.89, -13.456, 1, 7, 1, 2, 243, 238);
INSERT INTO `ghostnet` (`height`, `id`, `latitude`, `longitude`, `state`, `width`, `reportingUser_id`, `retrievingUser_id`, `contact_id`, `retrievingContact_id`) VALUES(10, 99, 61.89, -15.89, 0, 6, 1, 2, 244, 239);
INSERT INTO `ghostnet` (`height`, `id`, `latitude`, `longitude`, `state`, `width`, `reportingUser_id`, `retrievingUser_id`, `contact_id`, `retrievingContact_id`) VALUES(11, 100, 58.789, -21.456, 0, 8, NULL, NULL, 245, 240);

/*!40101 SET CHARACTER_SET_CLIENT=@OLD_CHARACTER_SET_CLIENT */;
/*!40101 SET CHARACTER_SET_RESULTS=@OLD_CHARACTER_SET_RESULTS */;
/*!40101 SET COLLATION_CONNECTION=@OLD_COLLATION_CONNECTION */;
